planet_name,discovery_year,discovery_facility,planet_mass_jupiter_mass,planet_mass_jupiter_mass_err_upper,planet_mass_jupiter_mass_err_lower,planet_mass_earth_mass,planet_mass_earth_mass_err_upper,planet_mass_earth_mass_err_lower,orbit_semi_major_axis_au,stellar_mass_solar,ra_deg,dec_deg,distance_pc
OGLE-2003-BLG-235L b,2004,OGLE,2.60000000,0.80000000,-0.60000000,830.00000000,300.00000000,-200.00000000,4.3000000000,0.630000,271.3181250,-28.8950000,5800.00000000
OGLE-2005-BLG-071L b,2005,OGLE,3.80000000,0.30000000,-0.40000000,1200.00000000,100.00000000,-100.00000000,3.6000000000,0.460000,267.5407080,-34.6731944,3200.00000000
OGLE-2005-BLG-390L b,2005,OGLE,0.01700000,0.01700000,-0.00900000,5.50000000,5.50000000,-2.70000000,2.6000000000,0.220000,268.5799580,-30.3773056,6600.00000000
OGLE-2005-BLG-169L b,2006,OGLE,0.04440000,0.00300000,-0.00300000,14.10000000,0.90000000,-0.90000000,3.5000000000,0.690000,271.5221670,-30.7326389,4100.00000000
MOA-2007-BLG-192L b,2008,MOA,0.03929793,0.20599166,-0.02526521,12.49000000,65.47000000,-8.03000000,2.0200000000,0.280000,272.0158333,-27.1500750,2160.00000000
MOA-2007-BLG-400L b,2008,MOA,1.70000000,0.26000000,-0.26000000,540.30829190,82.63538582,-82.63538582,5.9000000000,0.690000,272.4249167,-29.2241528,6890.00000000
OGLE-2006-BLG-109L b,2008,OGLE,0.72700000,0.06000000,-0.06000000,231.00000000,19.00000000,-19.00000000,2.3000000000,0.510000,268.1437920,-30.0877778,1510.00000000
OGLE-2006-BLG-109L c,2008,OGLE,0.27000000,0.02000000,-0.02000000,86.00000000,7.00000000,-7.00000000,4.5000000000,0.510000,268.1437920,-30.0877778,1510.00000000
MOA-2008-BLG-310L b,2009,MOA,0.07360000,0.05300000,-0.05300000,23.40000000,17.00000000,-17.00000000,1.1000000000,0.210000,268.5605420,-34.7780528,7700.00000000
OGLE-2007-BLG-368L b,2009,OGLE,0.06000000,0.02000000,-0.03000000,20.00000000,7.00000000,-8.00000000,2.8000000000,0.640000,269.1081670,-32.2374167,5900.00000000
MOA-2009-BLG-319L b,2010,MOA,0.21200000,0.02000000,-0.02000000,67.30000000,6.20000000,-6.20000000,2.0300000000,0.524000,271.7422080,-26.8196917,7050.00000000
MOA-2009-BLG-387L b,2010,MOA,2.60000000,4.10000000,-1.60000000,830.00000000,1300.00000000,-510.00000000,1.8000000000,0.190000,268.4616250,-33.9903333,5690.00000000
MOA-2009-BLG-266L b,2011,MOA,0.03270000,0.00530000,-0.00530000,10.40000000,1.70000000,-1.70000000,3.2000000000,0.560000,267.0081250,-35.0054111,3040.00000000
MOA-2010-BLG-073L b,2012,MOA,11.00000000,2.00000000,-2.00000000,3500.00000000,640.00000000,-640.00000000,1.2100000000,0.160000,272.5472580,-26.5229319,2800.00000000
MOA-2010-BLG-477L b,2012,MOA,1.50000000,0.80000000,-0.30000000,480.00000000,300.00000000,-100.00000000,2.0000000000,0.670000,271.5310060,-31.4544773,2300.00000000
MOA-2011-BLG-293L b,2012,MOA,4.80000000,0.30000000,-0.30000000,1500.00000000,100.00000000,-100.00000000,1.1000000000,0.860000,268.9139580,-28.4768472,7720.00000000
MOA-bin-1L b,2012,MOA,3.70000000,2.10000000,-2.10000000,1200.00000000,670.00000000,-670.00000000,8.3000000000,0.750000,261.7925000,-29.7939722,5100.00000000
OGLE-2011-BLG-0251L b,2012,OGLE,0.53000000,0.21000000,-0.21000000,170.00000000,67.00000000,-67.00000000,2.7200000000,0.260000,264.5590830,-27.1361389,2570.00000000
OGLE-2012-BLG-0026L b,2012,OGLE,0.14500000,0.00820000,-0.00820000,46.10000000,2.60000000,-2.60000000,4.0000000000,1.060000,263.5779170,-27.1427500,4019.00000000
OGLE-2012-BLG-0026L c,2012,OGLE,0.86000000,0.06000000,-0.06000000,270.00000000,20.00000000,-20.00000000,4.8000000000,1.060000,263.5779170,-27.1427500,4019.00000000
MOA-2008-BLG-379L b,2013,MOA,4.10000000,1.70000000,-1.90000000,1300.00000000,540.00000000,-600.00000000,2.7000000000,0.560000,269.7060000,-30.1969306,3300.00000000
MOA-2010-BLG-328L b,2013,MOA,0.02900000,0.00700000,-0.00700000,9.20000000,2.20000000,-2.20000000,0.9200000000,0.110000,269.4963330,-30.7151750,810.00000000
MOA-2011-BLG-322L b,2013,MOA,11.60000000,13.40000000,-5.60000000,3690.00000000,4260.00000000,-1800.00000000,4.3000000000,0.390000,271.2233330,-27.2209444,7560.00000000
OGLE-2012-BLG-0358L b,2013,OGLE,1.85000000,0.19000000,-0.19000000,588.00000000,60.00000000,-60.00000000,0.8700000000,0.022000,265.6948750,-24.2610000,1760.00000000
OGLE-2012-BLG-0406L b,2013,OGLE,2.73000000,0.43000000,-0.43000000,868.00000000,140.00000000,-140.00000000,3.4500000000,0.440000,268.3257080,-30.4711667,4970.00000000
MOA-2011-BLG-262L b,2014,MOA,0.05300000,0.08800000,-0.03000000,17.00000000,28.00000000,-10.00000000,0.9500000000,0.110000,270.0978330,-31.2452583,7200.00000000
MOA-2013-BLG-220L b,2014,MOA,2.74000000,0.17000000,-0.17000000,871.00000000,54.00000000,-54.00000000,3.0300000000,0.880000,270.9854170,-29.5447222,6720.00000000
OGLE-2008-BLG-092L b,2014,OGLE,0.18000000,,,57.00000000,,,15.0000000000,0.710000,267.5407080,-34.6731944,8100.00000000
OGLE-2008-BLG-355L b,2014,OGLE,4.60000000,3.70000000,-2.20000000,1500.00000000,1200.00000000,-700.00000000,1.7000000000,0.370000,269.7867080,-30.7594722,6800.00000000
OGLE-2013-BLG-0102L b,2014,OGLE,13.00000000,2.00000000,-2.00000000,4100.00000000,600.00000000,-600.00000000,0.8000000000,0.096000,268.0295000,-31.6905833,3040.00000000
OGLE-2013-BLG-0341L B b,2014,OGLE,0.00522000,0.00057000,-0.00057000,1.66000000,0.18000000,-0.18000000,0.7020000000,0.112700,268.0312080,-29.8461111,911.00000000
MOA-2010-BLG-353L b,2015,MOA,0.27000000,0.48000000,-0.16000000,86.00000000,150.00000000,-51.00000000,1.7200000000,0.180000,271.3039170,-27.2932333,6430.00000000
OGLE-2011-BLG-0265L b,2015,OGLE,0.88000000,0.27000000,-0.18000000,280.00000000,86.00000000,-57.00000000,1.8900000000,0.211000,269.4488330,-27.3945278,4380.00000000
OGLE-2012-BLG-0563L b,2015,OGLE,0.39000000,0.14000000,-0.23000000,120.00000000,44.00000000,-73.00000000,0.7400000000,0.340000,271.4905000,-27.7120000,1300.00000000
OGLE-2014-BLG-0124L b,2015,OGLE,0.65000000,0.04400000,-0.04400000,206.58846455,13.98444991,-13.98444991,3.4800000000,0.900000,270.6217083,-28.3962500,3500.00000000
MOA-2011-BLG-028L b,2016,MOA,0.09000000,0.05000000,-0.04000000,30.00000000,16.00000000,-12.00000000,4.1400000000,0.750000,270.8540000,-29.2134167,7380.00000000
MOA-2013-BLG-605L b,2016,MOA,0.01020000,0.00120000,-0.00090000,3.24000000,0.38000000,-0.30000000,0.9300000000,0.024000,272.0192570,-29.7315826,850.00000000
OGLE-2007-BLG-349L AB c,2016,OGLE,0.25170815,0.04090257,-0.04090257,80.00000000,13.00000000,-13.00000000,2.5900000000,0.410000,271.3518070,-26.4219437,2760.00000000
OGLE-2012-BLG-0724L b,2016,OGLE,0.47000000,0.54000000,-0.26000000,150.00000000,170.00000000,-83.00000000,1.6000000000,0.290000,268.9682917,-29.8185278,6700.00000000
OGLE-2012-BLG-0950L b,2016,OGLE,0.11000000,0.03000000,-0.02000000,35.00000000,10.00000000,-6.00000000,2.6000000000,0.570000,272.0192570,-29.7315826,2600.00000000
OGLE-2014-BLG-0676L b,2016,OGLE,3.11000000,1.11000000,-0.63000000,988.44634577,352.78953177,-200.23189641,2.0400000000,0.600000,268.1020833,-30.5483889,1880.00000000
OGLE-2014-BLG-1760L b,2016,OGLE,0.93100000,0.11700000,-0.11700000,295.89824692,37.18592362,-37.18592362,1.8870000000,0.803000,269.4090000,-28.9620472,7056.00000000
OGLE-2015-BLG-0051L b,2016,OGLE,0.72000000,0.65000000,-0.07000000,230.00000000,210.00000000,-20.00000000,0.7300000000,0.100000,269.6625370,-28.0316944,8200.00000000
OGLE-2015-BLG-0954L b,2016,KMTNet,3.40000000,3.70000000,-1.60000000,1100.00000000,1200.00000000,-510.00000000,1.6000000000,0.300000,270.1843330,-28.6608889,1200.00000000
OGLE-2015-BLG-0966L b,2016,OGLE,0.06600000,0.00600000,-0.00600000,21.00000000,2.00000000,-2.00000000,2.7000000000,0.380000,268.7542500,-29.0471111,3300.00000000
MOA-2012-BLG-006L b,2017,Multiple Observatories,8.40000000,4.60000000,-3.90000000,2700.00000000,1500.00000000,-1200.00000000,10.2000000000,0.490000,270.4429630,-29.1087780,5300.00000000
MOA-2012-BLG-505L b,2017,MOA,0.02110000,0.03340000,-0.01100000,6.70000000,10.61000000,-3.51000000,0.9000000000,0.100000,268.1430970,-32.0400925,7210.00000000
MOA-2016-BLG-227L b,2017,MOA,2.80000000,2.20000000,-1.50000000,890.00000000,700.00000000,-480.00000000,1.3900000000,0.290000,271.4737550,-27.7142868,6500.00000000
OGLE-2013-BLG-0132L b,2017,OGLE,0.29000000,0.16000000,-0.13000000,92.00000000,51.00000000,-41.00000000,3.6000000000,0.540000,269.7646180,-28.4210281,3900.00000000
OGLE-2013-BLG-1721L b,2017,OGLE,0.64000000,0.35000000,-0.31000000,200.00000000,110.00000000,-99.00000000,2.6000000000,0.460000,268.1265560,-30.2926941,6300.00000000
OGLE-2013-BLG-1761L b,2017,OGLE,2.70000000,2.50000000,-1.50000000,860.00000000,790.00000000,-480.00000000,1.8000000000,0.330000,268.4094850,-28.8952713,6900.00000000
OGLE-2016-BLG-0263L b,2017,OGLE,4.10000000,6.50000000,-2.50000000,1300.00000000,2100.00000000,-790.00000000,5.4000000000,0.130000,269.8954160,-31.8186111,6500.00000000
OGLE-2016-BLG-0613L AB b,2017,OGLE,4.18000000,3.19000000,-2.43000000,1330.00000000,1010.00000000,-772.00000000,6.4000000000,0.720000,269.2604060,-28.1161671,3410.00000000
OGLE-2016-BLG-1190L b,2017,OGLE,13.38000000,0.88000000,-0.82000000,4253.00000000,280.00000000,-260.00000000,2.1700000000,0.880000,269.7179260,-27.6135559,6770.00000000
OGLE-2016-BLG-1195L b,2017,OGLE,0.00450000,0.00140000,-0.00100000,1.43000000,0.45000000,-0.32000000,1.1600000000,0.078000,268.8479310,-30.2072506,3910.00000000
KMT-2016-BLG-0212L b,2018,KMTNet,18.00000000,20.00000000,-11.00000000,5700.00000000,6000.00000000,-3500.00000000,2.2000000000,0.480000,268.4392500,-29.0868889,6300.00000000
KMT-2016-BLG-1397L b,2018,KMTNet,7.00000000,5.20000000,-4.30000000,2200.00000000,1700.00000000,-1400.00000000,5.1000000000,0.450000,272.6646120,-24.8577385,6600.00000000
KMT-2016-BLG-1820L b,2018,KMTNet,4.57000000,5.03000000,-2.14000000,1450.00000000,1600.00000000,-680.00000000,1.0800000000,0.039000,268.7647400,-29.5169201,6260.00000000
KMT-2016-BLG-2142L b,2018,KMTNet,15.49000000,24.99000000,-8.58000000,4923.00000000,7943.00000000,-2730.00000000,0.8300000000,0.073000,268.1120000,-29.3845615,7010.00000000
KMT-2017-BLG-0165L b,2018,KMTNet,0.11000000,0.05000000,-0.04000000,34.00000000,15.00000000,-12.00000000,3.4500000000,0.760000,269.6496667,-28.1336694,4530.00000000
MOA-2010-BLG-117L b,2018,MOA,0.54000000,0.10000000,-0.10000000,170.00000000,32.00000000,-32.00000000,2.4200000000,0.580000,271.9569700,-25.3446388,3500.00000000
MOA-2011-BLG-291L b,2018,MOA,0.05700000,0.11000000,-0.03800000,18.00000000,34.00000000,-12.00000000,0.6900000000,0.150000,268.8678890,-29.1706657,4400.00000000
MOA-2015-BLG-337L b,2018,MOA,0.10600000,0.40600000,-0.07300000,33.70000000,129.00000000,-23.20000000,0.2400000000,0.009400,271.9487000,-28.1702785,7100.00000000
MOA-2016-BLG-319L b,2018,MOA,0.62000000,1.16000000,-0.33000000,200.00000000,369.00000000,-100.00000000,0.9500000000,0.150000,268.7422180,-29.7504635,6800.00000000
OGLE-2011-BLG-0173L b,2018,OGLE,0.19000000,0.18000000,-0.11000000,60.00000000,57.00000000,-35.00000000,8.0000000000,0.410000,269.3157350,-28.2338619,6100.00000000
OGLE-2014-BLG-1722L b,2018,OGLE,0.17400000,0.16100000,-0.10400000,55.30000000,51.30000000,-33.10000000,1.5000000000,0.400000,268.7523800,-31.4690552,6400.00000000
OGLE-2014-BLG-1722L c,2018,OGLE,0.26300000,0.27200000,-0.16100000,83.70000000,86.40000000,-51.20000000,1.7000000000,0.400000,268.7523800,-31.4690552,6400.00000000
OGLE-2016-BLG-1266L b,2018,OGLE,12.00000000,0.60000000,-0.60000000,3813.94088400,190.69704420,-190.69704420,0.4300000000,0.015000,267.8535833,-29.7422500,3080.00000000
OGLE-2017-BLG-0173L b,2018,OGLE,0.01029000,0.01211000,-0.00634000,3.26900000,3.84900000,-2.01500000,3.9130000000,0.396000,267.9706120,-29.2713604,4705.00000000
OGLE-2017-BLG-0373L b,2018,OGLE,0.40100000,0.63700000,-0.25700000,127.00000000,202.00000000,-82.00000000,2.4240000000,0.248000,269.3294067,-31.9517231,5915.00000000
OGLE-2017-BLG-0482L b,2018,OGLE,0.02800000,0.02800000,-0.01400000,9.00000000,9.00000000,-4.50000000,1.8000000000,0.200000,269.0488890,-30.5283604,5800.00000000
OGLE-2017-BLG-1140L b,2018,OGLE,1.59000000,0.35000000,-0.26000000,505.00000000,110.00000000,-83.00000000,1.0200000000,0.211000,266.8830570,-24.5226669,
OGLE-2017-BLG-1434L b,2018,OGLE,0.01393834,0.00078659,-0.00078659,4.43000000,0.25000000,-0.25000000,1.1800000000,0.234000,268.2804667,-30.2456583,860.00000000
OGLE-2017-BLG-1522L b,2018,OGLE,0.75000000,1.26000000,-0.40000000,240.00000000,400.00000000,-130.00000000,0.5900000000,0.045000,270.3193660,-28.4619713,7490.00000000
TCP J05074264+2447555 b,2018,Multiple Observatories,0.06292704,0.00629270,-0.00629270,20.00000000,2.00000000,-2.00000000,0.9400000000,0.586000,76.9280000,24.7989611,505.00000000
UKIRT-2017-BLG-001L b,2018,Mauna Kea Observatory,1.28000000,0.37000000,-0.44000000,407.00000000,120.00000000,-140.00000000,4.1800000000,0.810000,266.6540830,-29.2113609,6300.00000000
KMT-2016-BLG-1107L b,2019,KMTNet,3.28300000,3.46800000,-1.83500000,1043.00000000,1102.00000000,-583.00000000,0.3420000000,0.087000,266.4177500,-26.0318000,6651.00000000
KMT-2016-BLG-1836L b,2019,KMTNet,2.20000000,1.90000000,-1.10000000,700.00000000,600.00000000,-350.00000000,3.5000000000,0.490000,268.2503330,-30.0407500,7100.00000000
KMT-2017-BLG-1038L b,2019,KMTNet,2.00000000,2.00000000,-1.10000000,640.00000000,640.00000000,-350.00000000,1.8000000000,0.370000,266.1709170,-25.1430306,6000.00000000
KMT-2017-BLG-1146L b,2019,KMTNet,0.71000000,0.80000000,-0.42000000,230.00000000,250.00000000,-130.00000000,1.6000000000,0.330000,269.1058330,-33.1424694,6500.00000000
KMT-2018-BLG-1990L b,2019,KMTNet,0.34800000,0.13200000,-0.08700000,111.00000000,42.00000000,-28.00000000,0.7630000000,0.094000,268.4353750,-22.1525389,967.00000000
MOA-bin-29 b,2019,MOA,0.60000000,1.20000000,-0.38000000,190.00000000,381.00000000,-120.00000000,0.4800000000,0.030000,269.3759583,-29.7365639,7120.00000000
OGLE-2013-BLG-0911L b,2019,OGLE,9.51000000,2.72000000,-1.69000000,3020.00000000,864.00000000,-537.00000000,0.3900000000,0.290000,268.8832500,-29.2538333,3220.00000000
OGLE-2015-BLG-1649L b,2019,OGLE,2.54000000,1.48000000,-1.39000000,807.00000000,470.00000000,-442.00000000,2.0700000000,0.340000,271.2050417,-32.6330278,4230.00000000
OGLE-2015-BLG-1670L b,2019,OGLE,0.05630000,0.03000000,-0.02800000,17.90000000,9.60000000,-8.80000000,2.6200000000,0.550000,268.1587917,-28.5519167,6700.00000000
OGLE-2016-BLG-1067L b,2019,OGLE,0.43000000,0.21000000,-0.17000000,140.00000000,67.00000000,-54.00000000,1.7000000000,0.300000,273.2045000,-27.0126389,3730.00000000
OGLE-2018-BLG-0596L b,2019,OGLE,0.04383000,0.00491000,-0.00491000,13.93000000,1.56000000,-1.56000000,0.9700000000,0.231000,269.0555417,-29.1990833,5650.00000000
OGLE-2018-BLG-0740L b,2019,OGLE,4.80000000,0.60000000,-0.60000000,1500.00000000,200.00000000,-200.00000000,5.0000000000,1.000000,272.1769583,-29.8358056,3200.00000000
OGLE-2018-BLG-1011L b,2019,OGLE,1.80000000,3.40000000,-1.10000000,570.00000000,1100.00000000,-350.00000000,1.8000000000,0.180000,269.0140000,-29.0828889,7100.00000000
OGLE-2018-BLG-1011L c,2019,OGLE,2.80000000,5.10000000,-1.70000000,890.00000000,1600.00000000,-540.00000000,0.8000000000,0.180000,269.0140000,-29.0828889,7100.00000000
KMT-2016-BLG-2364L b,2020,KMTNet,3.93000000,3.16000000,-2.17000000,1250.00000000,1000.00000000,-690.00000000,2.6300000000,0.500000,265.7156670,-27.4355611,6440.00000000
KMT-2016-BLG-2397L b,2020,KMTNet,2.63000000,1.18000000,-1.23000000,836.00000000,375.00000000,-391.00000000,3.6400000000,0.640000,266.2125420,-23.2013806,4880.00000000
KMT-2018-BLG-0029L b,2020,KMTNet,0.02390000,0.00240000,-0.00220000,7.59000000,0.75000000,-0.69000000,4.2700000000,1.140000,264.4694580,-27.9847000,3380.00000000
KMT-2018-BLG-0748L b,2020,KMTNet,0.19000000,0.28000000,-0.10000000,60.00000000,89.00000000,-32.00000000,0.6200000000,0.087000,267.8745000,-30.6463889,7300.00000000
KMT-2018-BLG-1292L b,2020,KMTNet,4.42000000,0.90000000,-0.67000000,1400.00000000,290.00000000,-210.00000000,6.0300000000,1.090000,263.4275830,-33.5206694,3460.00000000
KMT-2019-BLG-0842L b,2020,KMTNet,0.03234000,0.01840000,-0.01660000,10.28000000,5.84000000,-5.28000000,3.3100000000,0.760000,268.4584580,-29.8774389,3320.00000000
KMT-2019-BLG-1339L b,2020,KMTNet,1.25000000,1.04000000,-0.73000000,397.00000000,331.00000000,-230.00000000,2.1500000000,0.480000,265.7434170,-25.5739167,6120.00000000
KMT-2019-BLG-1953L b,2020,KMTNet,0.64000000,0.76000000,-0.35000000,200.00000000,240.00000000,-110.00000000,,0.310000,269.1162500,-28.2011111,7040.00000000
OGLE-2006-BLG-284L A b,2020,OGLE,0.45307467,0.43105021,-0.25800085,144.00000000,137.00000000,-82.00000000,2.1700000000,0.350000,269.6592500,-29.1366667,4000.00000000
OGLE-2012-BLG-0838L b,2020,OGLE,0.16700000,0.12100000,-0.83000000,53.10000000,38.50000000,-260.00000000,4.4300000000,0.400000,273.0030830,-25.7116111,6320.00000000
OGLE-2015-BLG-1771L b,2020,OGLE,0.43300000,0.67400000,-0.25100000,138.00000000,214.00000000,-80.00000000,0.8500000000,0.077000,268.7990000,-28.8627500,7070.00000000
OGLE-2016-BLG-1227L b,2020,OGLE,0.79000000,1.30000000,-0.39000000,250.00000000,413.00000000,-120.00000000,3.4000000000,0.100000,265.5971250,-33.7597778,
OGLE-2017-BLG-0406L b,2020,OGLE,0.41000000,0.05000000,-0.05000000,130.00000000,20.00000000,-20.00000000,3.5000000000,0.560000,268.9996670,-29.8631389,5200.00000000
OGLE-2017-BLG-0604L b,2020,OGLE,0.51000000,0.21000000,-0.21000000,160.00000000,67.00000000,-67.00000000,4.0600000000,0.700000,267.8916670,-30.9465556,3950.00000000
OGLE-2017-BLG-1049L b,2020,OGLE,5.53000000,3.62000000,-2.87000000,1760.00000000,1150.00000000,-912.00000000,3.9200000000,0.550000,269.5335420,-27.1442222,5670.00000000
OGLE-2017-BLG-1375L b,2020,OGLE,11.28000000,8.73000000,-3.38000000,3585.00000000,2770.00000000,-1070.00000000,3.0400000000,0.810000,269.1548750,-30.3114167,3930.00000000
OGLE-2018-BLG-0532L b,2020,OGLE,0.01959548,0.00284745,-0.00277194,6.22800000,0.90500000,-0.88100000,1.0640000000,0.195000,269.9834167,-28.9977500,773.00000000
OGLE-2018-BLG-0677L b,2020,OGLE,0.01250000,0.01850000,-0.00840000,3.96000000,5.88000000,-2.66000000,0.6300000000,0.120000,268.7511250,-32.0165306,7580.00000000
OGLE-2018-BLG-1269L b,2020,OGLE,0.67000000,0.41000000,-0.21000000,210.00000000,130.00000000,-67.00000000,4.5100000000,1.110000,269.6934170,-27.6179444,2510.00000000
OGLE-2018-BLG-1700L b,2020,OGLE,4.40000000,3.04000000,-2.00000000,1400.00000000,966.00000000,-636.00000000,2.8000000000,0.420000,269.9560420,-28.5286389,7600.00000000
KMT-2016-BLG-2605L b,2021,KMTNet,0.77100000,1.18300000,-0.40100000,245.04570180,375.99100548,-127.44919121,0.6810000000,0.064000,269.8230833,-26.9820000,6421.00000000
KMT-2017-BLG-2509L b,2021,KMTNet,2.09000000,1.68000000,-1.26000000,664.26137063,533.95172376,-400.46379282,2.1400000000,0.460000,265.5898750,-26.3171500,7040.00000000
KMT-2018-BLG-1025L b,2021,KMTNet,0.01906375,0.02583155,-0.01044903,6.05900000,8.21000000,-3.32100000,1.3050000000,0.219000,269.8664167,-27.8780611,6705.00000000
KMT-2018-BLG-1743L b,2021,KMTNet,0.24500000,0.33900000,-0.13500000,77.86795971,107.74382997,-42.90683494,1.4490000000,0.193000,274.2833750,-26.3596389,6483.00000000
KMT-2018-BLG-1976L b,2021,KMTNet,2.22000000,1.34000000,-1.21000000,705.57906354,425.89006538,-384.57237247,3.5400000000,0.650000,266.3546667,-35.7003306,5840.00000000
KMT-2018-BLG-1996L b,2021,KMTNet,1.09000000,0.64000000,-0.60000000,346.43296363,203.41018048,-190.69704420,4.2700000000,0.690000,268.6785000,-22.8204111,5910.00000000
KMT-2019-BLG-0371L b,2021,KMTNet,7.70000000,11.34000000,-3.90000000,2447.27873390,3604.17413538,-1239.53078730,0.7900000000,0.090000,268.3839167,-31.5550222,7010.00000000
KMT-2019-BLG-1715L b,2021,KMTNet,2.56000000,1.13000000,-1.16000000,813.64072192,359.14609991,-368.68095212,3.3200000000,0.610000,270.3717083,-28.7771389,3860.00000000
KMT-2020-BLG-0414L b,2021,KMTNet,0.00588368,0.00084952,-0.00050342,1.87000000,0.27000000,-0.16000000,2.0700000000,0.490000,271.9150000,-28.4852222,1220.00000000
KMT-2020-BLG-0414L c,2021,KMTNet,27.00000000,4.00000000,-3.10000000,8581.36698900,1271.31362800,-985.26806170,22.3000000000,0.490000,271.9150000,-28.4852222,1220.00000000
KMT-2021-BLG-0322L b,2021,KMTNet,6.40000000,2.64000000,-2.78000000,2034.10180480,839.06699448,-883.56297146,,0.620000,270.9116667,-29.6043889,6600.00000000
OGLE-2017-BLG-1099L b,2021,OGLE,3.02000000,2.43000000,-1.81000000,959.84178914,772.32302901,-575.26941667,2.7300000000,0.450000,263.9642500,-29.5858611,7250.00000000
OGLE-2018-BLG-0567L b,2021,OGLE,0.32000000,0.34000000,-0.17000000,101.70509024,108.06165838,-54.03082919,2.7200000000,0.250000,269.0184167,-27.9871111,7060.00000000
OGLE-2018-BLG-0962L b,2021,OGLE,1.34000000,0.82000000,-0.70000000,425.89006538,260.61929374,-222.47988490,3.5900000000,0.540000,268.1747917,-32.3092500,6500.00000000
OGLE-2018-BLG-1185L b,2021,OGLE,0.02642936,0.02485618,-0.01478785,8.40000000,7.90000000,-4.70000000,1.5400000000,0.370000,269.7927500,-27.8350833,7400.00000000
OGLE-2018-BLG-1428L b,2021,OGLE,0.77000000,0.77000000,-0.53000000,240.00000000,240.00000000,-170.00000000,3.3000000000,0.430000,265.5487080,-26.1378889,6220.00000000
OGLE-2019-BLG-0299L b,2021,OGLE,6.22000000,3.80000000,-3.67000000,1976.89269154,1207.74794660,-1166.43025369,2.8000000000,0.590000,266.6794583,-23.5843111,5830.00000000
OGLE-2019-BLG-0304L b,2021,OGLE,0.51000000,0.51000000,-0.23000000,162.09248757,162.09248757,-73.10053361,1.2300000000,0.270000,264.0267083,-26.1459889,6980.00000000
OGLE-2019-BLG-0954L b,2021,OGLE,14.20000000,9.90000000,-7.50000000,4513.16337940,3146.50122930,-2383.71305250,2.6500000000,0.800000,267.9132500,-29.6110000,3630.00000000
OGLE-2019-BLG-0960L b,2021,OGLE,0.00786588,0.00188781,-0.00188781,2.50000000,0.60000000,-0.60000000,1.9000000000,0.500000,274.0142917,-25.7746667,980.00000000
OGLE-2019-BLG-1053L b,2021,KMTNet,0.00780295,0.00374416,-0.00308342,2.48000000,1.19000000,-0.98000000,3.4000000000,0.610000,270.1663750,-27.3415833,6800.00000000
KMT-2017-BLG-0673L b,2022,KMTNet,3.67000000,2.17000000,-2.07000000,1166.43025369,689.68764319,-657.90480249,2.3400000000,0.630000,264.7570417,-33.8080278,5080.00000000
KMT-2018-BLG-0030L b,2022,KMTNet,1.45000000,1.23000000,-0.88000000,460.85119015,390.92894061,-279.68899816,4.3900000000,0.510000,264.5166667,-28.0416250,6480.00000000
KMT-2018-BLG-0087L b,2022,KMTNet,0.23000000,0.32000000,-0.12000000,73.10053361,101.70509024,-38.13940884,0.8700000000,0.100000,264.3270000,-27.8320611,7020.00000000
KMT-2018-BLG-0247L b,2022,KMTNet,2.11000000,2.09000000,-1.04000000,670.61793877,664.26137063,-330.54154328,2.4600000000,0.290000,264.5600417,-27.1504111,6760.00000000
KMT-2018-BLG-1988L b,2022,KMTNet,0.01749372,0.01208199,-0.00893564,5.56000000,3.84000000,-2.84000000,3.0900000000,0.470000,265.2825417,-35.5947000,4150.00000000
KMT-2018-BLG-2602L b,2022,KMTNet,1.15000000,0.73000000,-0.63000000,365.50266805,232.01473711,-200.23189641,3.8100000000,0.660000,267.3970417,-21.9762000,4310.00000000
KMT-2019-BLG-0253L b,2022,KMTNet,0.02894644,0.01573176,-0.01290004,9.20000000,5.00000000,-4.10000000,3.1000000000,0.700000,267.8825833,-29.5654722,4900.00000000
KMT-2019-BLG-0414L b,2022,KMTNet,4.57000000,3.74000000,-2.06000000,1452.47581999,1188.67824218,-654.72651842,1.1600000000,0.740000,268.8529167,-21.8955389,4410.00000000
KMT-2019-BLG-0953L b,2022,KMTNet,0.04876845,0.05978069,-0.03051961,15.50000000,19.00000000,-9.70000000,1.1000000000,0.280000,269.3385833,-28.6746389,7200.00000000
KMT-2019-BLG-1042L b,2022,KMTNet,0.19000000,0.21000000,-0.11000000,60.38739733,66.74396547,-34.96112477,1.7000000000,0.300000,270.5440417,-27.5806694,6600.00000000
KMT-2019-BLG-1552L b,2022,KMTNet,4.05000000,1.73000000,-1.85000000,1287.20504835,549.84314411,-587.98255295,2.6000000000,0.790000,269.5957917,-27.5669389,4600.00000000
KMT-2019-BLG-2974L b,2022,KMTNet,0.28000000,0.29000000,-0.18000000,88.99195396,92.17023803,-57.20911326,2.0000000000,0.470000,267.8520833,-29.4231611,6100.00000000
KMT-2021-BLG-0119L b,2022,KMTNet,5.52000000,3.12000000,-2.40000000,1754.41280664,991.62462984,-762.78817680,2.9200000000,0.560000,274.0005417,-29.7438889,3130.00000000
KMT-2021-BLG-0171L b,2022,KMTNet,0.03523914,0.01730494,-0.01415858,11.20000000,5.50000000,-4.50000000,3.5000000000,0.780000,269.2416667,-30.0930556,4600.00000000
KMT-2021-BLG-0192L b,2022,KMTNet,0.11000000,0.05000000,-0.04000000,34.96112477,15.89142035,-12.71313628,1.6200000000,0.270000,268.1049583,-30.0086889,5120.00000000
KMT-2021-BLG-0240L b,2022,KMTNet,0.21000000,0.12000000,-0.11000000,66.74396547,38.13940884,-34.96112477,2.8000000000,0.560000,267.5772917,-30.0049694,6600.00000000
KMT-2021-BLG-0320L b,2022,KMTNet,0.10000000,0.13000000,-0.07000000,31.78284070,41.31769291,-22.24798849,1.5400000000,0.320000,269.3881250,-30.5039389,6950.00000000
KMT-2021-BLG-0748L b,2022,KMTNet,0.45000000,0.40000000,-0.25000000,143.02278315,127.13136280,-79.45710175,2.4300000000,0.360000,272.4213333,-25.7465806,6090.00000000
KMT-2021-BLG-0912L b,2022,KMTNet,0.00884125,0.00339806,-0.00311489,2.81000000,1.08000000,-0.99000000,3.1400000000,0.800000,269.8211667,-31.9976389,5560.00000000
KMT-2021-BLG-1077L b,2022,KMTNet,0.22000000,0.31000000,-0.12000000,69.92224954,98.52680617,-38.13940884,1.2600000000,0.140000,266.4891250,-33.8428111,8240.00000000
KMT-2021-BLG-1077L c,2022,KMTNet,0.25000000,0.35000000,-0.13000000,79.45710175,111.23994245,-41.31769291,0.9300000000,0.140000,266.4891250,-33.8428111,8240.00000000
KMT-2021-BLG-1253L b,2022,KMTNet,0.05993800,0.06424851,-0.03190401,19.05000000,20.42000000,-10.14000000,1.5200000000,0.240000,267.6172083,-29.2792806,6640.00000000
KMT-2021-BLG-1303L b,2022,KMTNet,0.38000000,0.22000000,-0.20000000,120.77479466,69.92224954,-63.56568140,2.8900000000,0.570000,271.8638750,-29.2815806,6280.00000000
KMT-2021-BLG-1372L b,2022,KMTNet,0.19277698,0.11289110,-0.11289110,61.27000000,35.88000000,-35.88000000,2.3700000000,0.420000,264.4885417,-28.1483889,5970.00000000
KMT-2021-BLG-1391L b,2022,KMTNet,0.01431590,0.00726807,-0.00726807,4.55000000,2.31000000,-2.31000000,2.2900000000,0.370000,270.6835833,-28.0605000,5720.00000000
KMT-2021-BLG-1554L b,2022,KMTNet,0.12000000,0.20000000,-0.07000000,38.13940884,63.56568140,-22.24798849,0.7200000000,0.080000,267.8034167,-31.8643611,7680.00000000
KMT-2021-BLG-1689L b,2022,KMTNet,0.14473219,0.09439056,-0.07236609,46.00000000,30.00000000,-23.00000000,2.5000000000,0.580000,269.5791667,-30.1452778,7200.00000000
KMT-2021-BLG-1898L b,2022,KMTNet,0.73000000,0.50000000,-0.40000000,232.01473711,158.91420350,-127.13136280,1.9000000000,0.480000,265.6918750,-27.3758389,6900.00000000
KMT-2021-BLG-2294L b,2022,KMTNet,0.07000000,0.10000000,-0.04000000,22.24798849,31.78284070,-12.71313628,1.1500000000,0.140000,270.0624167,-28.6124389,6800.00000000
MOA-2019-BLG-008L b,2022,MOA,18.00000000,3.00000000,-2.00000000,5720.91132600,953.48522100,-635.65681400,,0.900000,267.9828750,-29.9897306,2700.00000000
MOA-2020-BLG-135L b,2022,MOA,0.03555378,0.06040996,-0.02170983,11.30000000,19.20000000,-6.90000000,1.1100000000,0.230000,268.4235000,-29.8075667,7900.00000000
OGLE-2014-BLG-0319L b,2022,OGLE,0.57000000,0.36000000,-0.31000000,181.16219199,114.41822652,-98.52680617,3.4900000000,0.520000,266.9611667,-33.9350444,7730.00000000
OGLE-2016-BLG-1093L b,2022,OGLE,0.71000000,0.12000000,-0.12000000,225.65816897,38.13940884,-38.13940884,2.1300000000,0.460000,269.0042917,-32.7134722,8120.00000000
OGLE-2017-BLG-1691L b,2022,OGLE,0.04600000,0.03700000,-0.02500000,14.62010672,11.75965106,-7.94571018,2.4100000000,0.450000,263.5938333,-29.2848306,7290.00000000
OGLE-2018-BLG-0298L b,2022,OGLE,0.14000000,0.07000000,-0.06000000,44.49597698,22.24798849,-19.06970442,2.8600000000,0.690000,264.2845000,-29.7091111,6540.00000000
OGLE-2018-BLG-0383L b,2022,OGLE,0.02013665,0.01730494,-0.00880979,6.40000000,5.50000000,-2.80000000,1.8000000000,0.100000,268.6807500,-28.7392778,7700.00000000
OGLE-2018-BLG-0506L b,2022,OGLE,0.05128554,0.03775622,-0.02674399,16.30000000,12.00000000,-8.50000000,3.0000000000,0.630000,267.6298333,-31.9240556,5600.00000000
OGLE-2018-BLG-0516L b,2022,OGLE,0.06324167,0.05160017,-0.03366596,20.10000000,16.40000000,-10.70000000,2.2000000000,0.470000,269.6401250,-31.2623889,7000.00000000
OGLE-2018-BLG-0799L b,2022,OGLE,0.26000000,0.22000000,-0.11000000,82.63538582,69.92224954,-34.96112477,1.2800000000,0.093000,273.4590000,-25.4857222,4050.00000000
OGLE-2018-BLG-0932L b,2022,KMTNet,0.89000000,0.36000000,-0.31000000,282.86728223,114.41822652,-98.52680617,1.7500000000,0.720000,268.3512083,-29.0218056,6620.00000000
OGLE-2018-BLG-0977L b,2022,OGLE,0.02013665,0.01636103,-0.01164150,6.40000000,5.20000000,-3.70000000,2.0000000000,0.470000,268.5061250,-30.6048056,6500.00000000
OGLE-2018-BLG-1119L b,2022,OGLE,0.91000000,0.66000000,-0.52000000,289.22385037,209.76674862,-165.27077164,4.0600000000,0.480000,270.0292500,-32.3752778,5760.00000000
OGLE-2018-BLG-1126L b,2022,KMTNet,0.05600000,0.03300000,-0.03100000,17.79839079,10.48833743,-9.85268062,3.2300000000,0.690000,268.3558750,-31.7247194,5700.00000000
OGLE-2018-BLG-1212L b,2022,KMTNet,0.20000000,0.16000000,-0.13000000,63.56568140,50.85254512,-41.31769291,1.6800000000,0.160000,271.0776250,-28.1940833,1550.00000000
OGLE-2018-BLG-1367L b,2022,KMTNet,0.95000000,0.75000000,-0.44000000,301.93698665,238.37130525,-139.84449908,,0.280000,269.7556250,-29.1683611,5370.00000000
OGLE-2018-BLG-1647L b,2022,KMTNet,0.97000000,1.78000000,-0.56000000,308.29355479,565.73456446,-177.98390792,1.3600000000,0.092000,268.9623750,-31.8170000,7880.00000000
OGLE-2019-BLG-0362L b,2022,OGLE,3.26000000,0.83000000,-0.58000000,1036.12060682,263.79757781,-184.34047606,2.1800000000,0.420000,263.4652500,-24.8103611,5830.00000000
OGLE-2019-BLG-0468L b,2022,OGLE,3.43000000,1.83000000,-1.17000000,1090.15143601,581.62598481,-371.85923619,3.2900000000,0.920000,266.4060000,-24.4472778,4400.00000000
OGLE-2019-BLG-0468L c,2022,OGLE,10.22000000,5.46000000,-3.50000000,3248.20631954,1735.34310222,-1112.39942450,2.7700000000,0.920000,266.4060000,-24.4472778,4400.00000000
OGLE-2019-BLG-1470L AB c,2022,OGLE,2.20000000,1.80000000,-1.30000000,699.22249540,572.09113260,-413.17692910,3.2000000000,0.570000,271.9492083,-27.0335556,5900.00000000
OGLE-2019-BLG-1492L b,2022,OGLE,0.11672965,0.07897343,-0.06135386,37.10000000,25.10000000,-19.50000000,2.7000000000,0.680000,270.0964583,-28.6311389,5600.00000000
K2-2016-BLG-0005L b,2023,K2,1.10000000,0.09000000,-0.09000000,349.61124770,28.60455663,-28.60455663,4.1600000000,0.584000,269.8798333,-27.6074722,5200.00000000
KMT-2016-BLG-1105L b,2023,KMTNet,0.00729954,0.02337739,-0.00490831,2.32000000,7.43000000,-1.56000000,2.4400000000,0.410000,266.4472500,-26.2663694,5080.00000000
KMT-2017-BLG-0428L b,2023,KMTNet,0.01758811,0.01123248,-0.00890418,5.59000000,3.57000000,-2.83000000,1.8100000000,0.340000,271.3852500,-28.4902806,5400.00000000
KMT-2017-BLG-1003L b,2023,KMTNet,0.01632957,0.01695884,-0.00880979,5.19000000,5.39000000,-2.80000000,1.3800000000,0.320000,265.4115000,-24.3739389,7090.00000000
KMT-2017-BLG-1194L b,2023,KMTNet,0.01113809,0.00613539,-0.00512855,3.54000000,1.95000000,-1.63000000,1.7800000000,0.410000,274.3221250,-25.3239389,4240.00000000
KMT-2018-BLG-0885L b,2023,KMTNet,29.00000000,39.00000000,-19.00000000,9217.02380300,12395.30787300,-6038.73973300,1.0700000000,0.290000,268.9663333,-28.5133611,6890.00000000
KMT-2019-BLG-0297L b,2023,KMTNet,19.00000000,8.00000000,-7.00000000,6038.73973300,2542.62725600,-2224.79884900,0.9600000000,0.210000,270.0632917,-28.9652806,3090.00000000
KMT-2019-BLG-0298L b,2023,KMTNet,1.81000000,0.96000000,-0.96000000,575.26941667,305.11527072,-305.11527072,5.6700000000,0.700000,264.8780000,-27.6381389,6710.00000000
KMT-2019-BLG-0335L b,2023,KMTNet,21.00000000,23.00000000,-13.00000000,6674.39654700,7310.05336100,-4131.76929100,1.6400000000,0.320000,262.8401250,-29.5906889,7710.00000000
KMT-2019-BLG-1216L b,2023,KMTNet,0.09400000,0.05000000,-0.05000000,29.87587026,15.89142035,-15.89142035,2.4400000000,0.390000,268.4806250,-35.1366389,2740.00000000
KMT-2019-BLG-1367L b,2023,KMTNet,0.01283712,0.00811759,-0.00654441,4.08000000,2.58000000,-2.08000000,1.7000000000,0.250000,272.4713333,-29.7622111,4670.00000000
KMT-2019-BLG-1806L b,2023,KMTNet,0.01469346,0.00490831,-0.00503416,4.67000000,1.56000000,-1.60000000,3.0200000000,0.740000,270.5375417,-29.4148889,6640.00000000
KMT-2019-BLG-2783L b,2023,KMTNet,1.16000000,0.77000000,-0.77000000,368.68095212,244.72787339,-244.72787339,1.8500000000,0.340000,269.2919167,-33.7885194,5910.00000000
KMT-2021-BLG-0712L b,2023,KMTNet,0.12015918,0.06456314,-0.03851135,38.19000000,20.52000000,-12.24000000,2.2200000000,0.220000,269.2856667,-31.1844694,3090.00000000
KMT-2021-BLG-0909L b,2023,KMTNet,1.26000000,1.01000000,-0.66000000,400.46379282,321.00669107,-209.76674862,1.7500000000,0.380000,265.6202083,-27.6391389,6480.00000000
KMT-2021-BLG-1105L b,2023,KMTNet,1.30000000,0.68000000,-0.68000000,413.17692910,216.12331676,-216.12331676,3.5400000000,0.630000,265.7322500,-25.5089111,4540.00000000
KMT-2021-BLG-1150L b,2023,KMTNet,0.88000000,0.38000000,-0.36000000,279.68899816,120.77479466,-114.41822652,4.5000000000,0.730000,268.7901250,-31.3133306,3800.00000000
KMT-2021-BLG-1547L b,2023,KMTNet,1.47000000,0.65000000,-0.77000000,467.20775829,206.58846455,-244.72787339,4.5000000000,0.720000,272.3995833,-29.0839389,5070.00000000
KMT-2021-BLG-1770L b,2023,KMTNet,21.00000000,29.00000000,-12.00000000,6674.39654700,9217.02380300,-3813.94088400,0.9000000000,0.130000,270.4399583,-27.4186694,6920.00000000
KMT-2021-BLG-2010L b,2023,KMTNet,1.07000000,1.15000000,-0.68000000,340.07639549,365.50266805,-216.12331676,1.7900000000,0.370000,268.0085000,-32.2697500,7090.00000000
KMT-2021-BLG-2478L b,2023,KMTNet,0.90000000,0.42000000,-0.24000000,286.04556630,133.48793094,-76.27881768,1.8500000000,0.200000,269.3092083,-29.1019694,2970.00000000
KMT-2022-BLG-0371L b,2023,KMTNet,0.26000000,0.13000000,-0.11000000,82.63538582,41.31769291,-34.96112477,3.0200000000,0.630000,265.3619167,-34.6986694,7140.00000000
KMT-2022-BLG-0440L b,2023,KMTNet,0.04845382,0.03020498,-0.02328300,15.40000000,9.60000000,-7.40000000,1.9000000000,0.530000,269.5835833,-32.2953056,3500.00000000
KMT-2022-BLG-1013L b,2023,KMTNet,0.31000000,0.46000000,-0.16000000,98.52680617,146.20106722,-50.85254512,1.3800000000,0.180000,264.7092500,-28.3556694,7710.00000000
MOA-2020-BLG-208L b,2023,MOA,0.14473219,0.13214678,-0.07551244,46.00000000,42.00000000,-24.00000000,2.7400000000,0.430000,268.4325000,-32.5893111,7490.00000000
MOA-2022-BLG-249L b,2023,MOA,0.01519688,0.00453075,-0.00453075,4.83000000,1.44000000,-1.44000000,1.6300000000,0.180000,268.8655417,-28.3060611,2000.00000000
OGLE-2017-BLG-1806L b,2023,OGLE,0.01658127,0.01481932,-0.00855808,5.27000000,4.71000000,-2.72000000,1.7500000000,0.380000,266.6232500,-24.2722694,6400.00000000
OGLE-2019-BLG-0249L b,2023,OGLE,7.12000000,1.47000000,-1.47000000,2262.93825784,467.20775829,-467.20775829,1.8400000000,0.910000,265.4035000,-34.7017500,6370.00000000
OGLE-2019-BLG-0679L b,2023,OGLE,3.34000000,1.90000000,-1.90000000,1061.54687938,603.87397330,-603.87397330,6.9900000000,0.660000,265.7404167,-27.7728806,5630.00000000
OGLE-2019-BLG-1180L b,2023,OGLE,1.74700000,0.52700000,-0.50700000,555.24622703,167.49557049,-161.13900235,5.1900000000,0.545000,269.2465417,-27.9754444,6070.00000000
Gaia22dkvL b,2024,European Space Agency (ESA) Gaia Satellite,0.59100000,0.15200000,-0.05200000,187.83658854,48.30991786,-16.52707716,1.4000000000,1.145000,151.7690000,-66.1808889,1270.00000000
KMT-2016-BLG-2321L b,2024,KMTNet,0.95000000,0.41000000,-0.41000000,301.93698665,130.30964687,-130.30964687,3.5800000000,0.730000,264.0579167,-25.5248806,3580.00000000
KMT-2017-BLG-0849L b,2024,KMTNet,0.02010519,0.02454154,-0.00972223,6.39000000,7.80000000,-3.09000000,2.7300000000,0.190000,265.3594583,-25.2812194,7220.00000000
KMT-2017-BLG-1057L b,2024,KMTNet,0.07393927,0.04719528,-0.03775622,23.50000000,15.00000000,-12.00000000,2.3600000000,0.570000,265.4860000,-22.3351111,6500.00000000
KMT-2017-BLG-2331L b,2024,KMTNet,0.53802617,0.43105021,-0.27687896,171.00000000,137.00000000,-88.00000000,2.1400000000,0.400000,264.4072083,-29.4612111,8030.00000000
KMT-2021-BLG-2609L b,2024,KMTNet,0.03200000,0.04400000,-0.01800000,10.17050902,13.98444991,-5.72091133,2.3000000000,0.200000,263.5188750,-27.5969389,7480.00000000
KMT-2022-BLG-0303L b,2024,KMTNet,0.51300000,0.41000000,-0.27500000,163.04597279,130.30964687,-87.40281192,4.8100000000,0.368000,268.0331250,-22.6890806,6570.00000000
KMT-2022-BLG-2286L b,2024,KMTNet,19.00000000,27.00000000,-10.00000000,6038.73973300,8581.36698900,-3178.28407000,2.0200000000,0.200000,269.1652500,-28.8549194,7320.00000000
KMT-2023-BLG-0416L b,2024,KMTNet,0.04100000,0.02000000,-0.02100000,13.03096469,6.35656814,-6.67439655,2.9600000000,0.630000,266.3240417,-25.0794889,5900.00000000
KMT-2023-BLG-0469L b,2024,KMTNet,0.12400000,0.09200000,-0.06700000,39.41072247,29.24021344,-21.29450327,2.3100000000,0.470000,269.4067917,-28.7150611,7070.00000000
KMT-2023-BLG-0735L b,2024,KMTNet,0.12200000,0.06800000,-0.06800000,38.77506565,21.61233168,-21.61233168,2.9600000000,0.610000,267.5759583,-29.2029194,6390.00000000
KMT-2023-BLG-1431L b,2024,KMTNet,0.04279039,0.02611472,-0.02170983,13.60000000,8.30000000,-6.90000000,3.2000000000,0.570000,271.1835417,-29.7439194,6800.00000000
KMT-2023-BLG-1454L b,2024,KMTNet,0.63000000,0.71000000,-0.34000000,200.23189641,225.65816897,-108.06165838,1.1800000000,0.170000,267.6200833,-29.6227500,7220.00000000
KMT-2023-BLG-1642L b,2024,KMTNet,1.08000000,1.53000000,-0.58000000,343.25467956,486.27746271,-184.34047606,1.4100000000,0.170000,261.3660000,-29.0584694,6980.00000000
KMT-2023-BLG-1743L b,2024,KMTNet,20.00000000,30.00000000,-10.00000000,6356.56814000,9534.85221000,-3178.28407000,1.1600000000,0.110000,269.1652500,-28.8549194,7130.00000000
KMT-2023-BLG-1866L b,2024,KMTNet,0.00827491,0.00132147,-0.00213952,2.63000000,0.42000000,-0.68000000,2.6300000000,0.510000,273.4822500,-28.4473889,6210.00000000
KMT-2024-BLG-1044L b,2024,KMTNet,0.02438423,0.03785061,-0.01271126,7.75000000,12.03000000,-4.04000000,,0.069000,271.5640000,-27.5925806,7140.00000000
MOA-2016-BLG-526L b,2024,MOA,0.04700000,0.02100000,-0.02100000,14.93793513,6.67439655,-6.67439655,2.0700000000,0.370000,266.6682917,-34.3860806,6930.00000000
MOA-2022-BLG-563L b,2024,MOA,0.40000000,0.31000000,-0.25000000,127.13136280,98.52680617,-79.45710175,2.1500000000,0.480000,270.3002083,-27.8358306,6530.00000000
OGLE-2014-BLG-0221L b,2024,OGLE,4.35000000,1.65000000,-1.91000000,1382.55357045,524.41687155,-607.05225737,3.7600000000,0.690000,270.3037500,-27.4267639,3680.00000000
OGLE-2016-BLG-1598L b,2024,OGLE,0.38000000,0.30000000,-0.30000000,120.77479466,95.34852210,-95.34852210,2.5000000000,0.550000,270.1907500,-29.1754389,5910.00000000
OGLE-2016-BLG-1800L b,2024,OGLE,2.59000000,1.46000000,-1.46000000,823.17557413,464.02947422,-464.02947422,1.8800000000,0.410000,269.9032083,-30.8653611,6480.00000000
OGLE-2017-BLG-0364L b,2024,OGLE,0.23849347,0.17147618,-0.13497849,75.80000000,54.50000000,-42.90000000,3.7900000000,0.490000,265.2278750,-34.6175833,7860.00000000
OGLE-2017-BLG-0448L b,2024,OGLE,0.04908309,0.04341966,-0.02926107,15.60000000,13.80000000,-9.30000000,5.7500000000,0.500000,268.6686250,-31.0319167,7530.00000000
OGLE-2017-BLG-0640L b,2024,OGLE,1.62000000,1.64000000,-0.94000000,514.88201934,521.23858748,-298.75870258,1.1400000000,0.320000,267.4651250,-29.4615000,6630.00000000
OGLE-2017-BLG-1237L b,2024,OGLE,3.80000000,2.49000000,-1.99000000,1207.74794660,791.39273343,-632.47852993,2.5300000000,0.460000,271.6499583,-28.3288306,6030.00000000
OGLE-2017-BLG-1275L b,2024,OGLE,5.90000000,2.20000000,-2.20000000,1875.18760130,699.22249540,-699.22249540,2.0900000000,0.630000,267.9154167,-29.4979694,7690.00000000
OGLE-2023-BLG-0836L b,2024,OGLE,4.36000000,2.35000000,-2.18000000,1385.73185452,746.89675645,-692.86592726,3.7000000000,0.710000,267.1868750,-23.7415194,5120.00000000
AT2021ueyL b,2025,Multiple Observatories,1.34000000,0.45000000,-0.50000000,425.89006538,143.02278315,-158.91420350,4.0100000000,0.490000,324.5450417,26.4665694,1040.00000000
KMT-2017-BLG-2197L b,2025,KMTNet,8.84000000,8.29000000,-4.91000000,2809.60311788,2634.79749403,-1560.53747837,15.9100000000,0.360000,262.6113333,-30.1593111,7800.00000000
KMT-2019-BLG-0578L b,2025,KMTNet,1.20000000,1.20000000,-0.60000000,381.39408840,381.39408840,-190.69704420,2.0000000000,0.280000,269.4846667,-27.7948611,7300.00000000
KMT-2021-BLG-0736L b,2025,KMTNet,0.06607339,0.04090257,-0.03146352,21.00000000,13.00000000,-10.00000000,4.0000000000,0.600000,268.3225833,-29.7124194,7000.00000000
KMT-2022-BLG-1790L b,2025,KMTNet,1.73000000,0.95000000,-0.89000000,549.84314411,301.93698665,-282.86728223,5.2500000000,0.580000,271.0562500,-27.0347500,6480.00000000
KMT-2022-BLG-2076L b,2025,KMTNet,0.88000000,0.46000000,-0.45000000,279.68899816,146.20106722,-143.02278315,5.6700000000,0.670000,268.0511250,-29.0279306,5570.00000000
KMT-2023-BLG-0119L b,2025,KMTNet,0.26334965,0.16820397,-0.14394560,83.70000000,53.46000000,-45.75000000,3.1400000000,0.710000,266.8150417,-34.5721889,5410.00000000
KMT-2023-BLG-0548L b,2025,KMTNet,3.42000000,1.21000000,-0.89000000,1086.97315194,384.57237247,-282.86728223,6.8500000000,0.720000,270.3476250,-27.1067500,6830.00000000
KMT-2023-BLG-0830L b,2025,KMTNet,0.05600000,0.06400000,-0.03300000,17.79839079,20.34101805,-10.48833743,1.7000000000,0.220000,271.6579583,-28.3323111,7250.00000000
KMT-2023-BLG-0949L b,2025,KMTNet,5.98000000,4.36000000,-3.11000000,1900.61387386,1385.73185452,-988.44634577,2.0300000000,0.480000,263.4194167,-28.0914611,6060.00000000
KMT-2023-BLG-1896L b,2025,KMTNet,0.05144285,0.03086571,-0.02655521,16.35000000,9.81000000,-8.44000000,2.8600000000,0.720000,271.0317500,-26.9589194,5490.00000000
KMT-2023-BLG-2209L b,2025,KMTNet,0.80000000,0.38000000,-0.38000000,254.26272560,120.77479466,-120.77479466,3.5100000000,0.730000,268.9942083,-29.3056694,5570.00000000
KMT-2024-BLG-0404L b,2025,KMTNet,27.24000000,39.81000000,-13.62000000,8657.64580668,12652.74888267,-4328.82290334,0.8500000000,0.090000,271.1470833,-27.9535000,7210.00000000
KMT-2024-BLG-0404L c,2025,KMTNet,0.05443189,0.08023197,-0.02768790,17.30000000,25.50000000,-8.80000000,,0.090000,271.1470833,-27.9535000,7210.00000000
KMT-2024-BLG-1005L b,2025,KMTNet,21.00000000,22.00000000,-12.00000000,6674.39654700,6992.22495400,-3813.94088400,0.7800000000,0.055000,269.8055833,-28.7557806,6950.00000000
KMT-2024-BLG-1209L b,2025,KMTNet,2.64000000,1.57000000,-1.16000000,839.06699448,498.99059899,-368.68095212,2.5100000000,0.770000,261.6129583,-28.1205611,3930.00000000
KMT-2024-BLG-1281L b,2025,KMTNet,0.06000000,0.06600000,-0.03600000,19.06970442,20.97667486,-11.44182265,1.9600000000,0.320000,270.1693750,-32.7142500,7180.00000000
KMT-2024-BLG-2059L b,2025,KMTNet,0.02200000,0.01200000,-0.01300000,6.99222495,3.81394088,-4.13176929,2.5500000000,0.510000,270.9297500,-28.5681889,6070.00000000
KMT-2024-BLG-2242L b,2025,KMTNet,0.04400000,0.07600000,-0.02400000,13.98444991,24.15495893,-7.62788177,0.8900000000,0.069000,268.4150000,-29.5603111,7620.00000000
MOA-2022-BLG-033L b,2025,MOA,0.03822818,0.02960717,-0.01966470,12.15000000,9.41000000,-6.25000000,2.1500000000,0.510000,272.8756667,-25.0530806,1840.00000000
MOA-2022-BLG-091L b,2025,MOA,3.59000000,2.00000000,-1.67000000,1141.00398113,635.65681400,-530.77343969,3.4400000000,0.750000,268.9422083,-32.3414389,4250.00000000
OGLE-2015-BLG-1609L b,2025,OGLE,0.24000000,0.90000000,-0.17000000,76.27881768,286.04556630,-54.03082919,,0.170000,270.8237917,-26.9071111,3300.00000000
OGLE-2016-BLG-0007L b,2025,OGLE,0.00415318,0.00286318,-0.00210806,1.32000000,0.91000000,-0.67000000,10.1000000000,0.590000,268.3560417,-29.6422500,4300.00000000
Gaia23braL b,2026,European Space Agency (ESA) Gaia Satellite,1.63000000,0.42000000,-0.37800000,518.06030341,133.48793094,-120.13913785,4.8470000000,0.774000,155.6294583,-63.2639167,4330.00000000
KMT-2016-BLG-1337L b,2026,KMTNet,0.28000000,0.15000000,-0.16000000,88.99195396,47.67426105,-50.85254512,3.9700000000,0.540000,269.1300417,-33.0341889,6920.00000000
KMT-2020-BLG-0202L b,2026,KMTNet,12.28000000,7.37000000,-5.43000000,3902.93283796,2342.39535959,-1725.80825001,4.1700000000,0.810000,267.0404583,-24.4744500,3840.00000000
KMT-2021-BLG-0852L b,2026,KMTNet,0.49000000,0.17000000,-0.17000000,155.73591943,54.03082919,-54.03082919,7.7800000000,0.750000,265.8311667,-33.8918389,7230.00000000
KMT-2022-BLG-1551L b,2026,KMTNet,2.96000000,1.71000000,-1.53000000,940.77208472,543.48657597,-486.27746271,2.2900000000,0.540000,265.2537500,-27.5518806,6900.00000000
KMT-2022-BLG-1818L b,2026,KMTNet,4.00000000,1.24000000,-2.00000000,1271.31362800,394.10722468,-635.65681400,2.6000000000,0.790000,270.7986250,-27.4811111,5300.00000000
KMT-2022-BLG-1818L c,2026,KMTNet,0.36000000,0.30000000,-0.21000000,114.41822652,95.34852210,-66.74396547,12.6000000000,0.790000,270.7986250,-27.4811111,5300.00000000
KMT-2023-BLG-0332L b,2026,KMTNet,22.00000000,15.70000000,-12.20000000,6992.22495400,4989.90598990,-3877.50656540,3.2000000000,0.540000,270.8901250,-27.2223889,6500.00000000
KMT-2023-BLG-0466L b,2026,KMTNet,3.25000000,2.59000000,-2.03000000,1032.94232275,823.17557413,-645.19166621,2.6800000000,0.440000,270.6100000,-33.0029694,6800.00000000
KMT-2023-BLG-1592L b,2026,KMTNet,0.58000000,0.39000000,-0.29000000,184.34047606,123.95307873,-92.17023803,3.9000000000,0.550000,268.6786667,-29.0084194,7200.00000000
KMT-2024-BLG-0176L b,2026,KMTNet,0.76000000,1.03000000,-0.39000000,241.54958932,327.36325921,-123.95307873,1.3200000000,0.103000,266.5324583,-34.2105806,8340.00000000
KMT-2024-BLG-0349L b,2026,KMTNet,11.86000000,6.56000000,-6.54000000,3769.44490702,2084.95434992,-2078.59778178,6.4600000000,0.680000,261.3715417,-30.2470194,5750.00000000
KMT-2024-BLG-1870L b,2026,KMTNet,1.06000000,0.53000000,-0.55000000,336.89811142,168.44905571,-174.80562385,3.1500000000,0.670000,272.4653333,-26.8828889,5480.00000000
KMT-2024-BLG-2005L b,2026,KMTNet,0.16000000,0.24000000,-0.09000000,50.85254512,76.27881768,-28.60455663,1.1200000000,0.120000,268.4080833,-28.9009806,7720.00000000
KMT-2024-BLG-2087L b,2026,KMTNet,4.39000000,3.07000000,-2.46000000,1395.26670673,975.73320949,-781.85788122,3.0300000000,0.480000,268.4500417,-29.2631889,7190.00000000
KMT-2025-BLG-0026L b,2026,KMTNet,2.13000000,5.23000000,-1.26000000,676.97450691,1662.24256861,-400.46379282,0.9600000000,0.440000,261.7665000,-29.2740806,7280.00000000
KMT-2025-BLG-0030L b,2026,KMTNet,1.15000000,0.69000000,-0.66000000,365.50266805,219.30160083,-209.76674862,2.3500000000,0.600000,262.5867500,-29.4817306,6720.00000000
KMT-2025-BLG-0121L b,2026,KMTNet,7.77000000,4.08000000,-4.04000000,2469.52672239,1296.73990056,-1284.02676428,3.0500000000,0.610000,267.1583750,-23.9988000,6200.00000000
KMT-2025-BLG-0481L b,2026,KMTNet,0.59000000,0.85000000,-0.34000000,187.51876013,270.15414595,-108.06165838,2.1800000000,0.220000,265.3560000,-34.3717500,7980.00000000
KMT-2025-BLG-0975L b,2026,KMTNet,0.09376129,0.15876491,-0.05046748,29.80000000,50.46000000,-16.04000000,0.8100000000,0.100000,267.5743333,-30.5875000,7923.00000000
KMT-2025-BLG-1160L b,2026,KMTNet,0.07979148,0.04864260,-0.04442649,25.36000000,15.46000000,-14.12000000,2.5600000000,0.580000,268.8604583,-30.7249194,6580.00000000
KMT-2025-BLG-1616L b,2026,KMTNet,0.13315361,0.12780481,-0.06943999,42.32000000,40.62000000,-22.07000000,1.6000000000,0.260000,267.7788750,-30.1391111,7500.00000000
KMT-2025-BLG-2272L b,2026,KMTNet,2.47000000,1.23000000,-1.25000000,785.03616529,390.92894061,-397.28550875,3.8900000000,0.630000,269.5751667,-27.7738306,6620.00000000
MOA-2020-BLG-108L b,2026,MOA,10.67000000,4.75000000,-5.41000000,3391.22910269,1509.68493325,-1719.45168187,3.6900000000,0.580000,269.7155833,-26.9165083,5130.00000000
OGLE-2016-BLG-0261L b,2026,OGLE,0.21000000,0.34000000,-0.12000000,66.74396547,108.06165838,-38.13940884,0.7200000000,0.072000,267.8162083,-30.4085000,7850.00000000
OGLE-2023-BLG-0766L b,2026,OGLE,1.10000000,0.87000000,-0.57000000,349.61124770,276.51071409,-181.16219199,2.5000000000,0.390000,269.8296250,-28.3246889,7400.00000000
